"filename", "language", "Properties", "JSON", "XML", "Markdown", "Java", "C", "comment", "blank", "total"
"c:\Users\mizersy\Documents\毕设\intellide-graph-master\README.md", "Markdown", 0, 0, 0, 114, 0, 0, 0, 60, 174
"c:\Users\mizersy\Documents\毕设\intellide-graph-master\docs\FAQ.md", "Markdown", 0, 0, 0, 60, 0, 0, 0, 24, 84
"c:\Users\mizersy\Documents\毕设\intellide-graph-master\pom.xml", "XML", 0, 0, 183, 0, 0, 0, 0, 5, 188
"c:\Users\mizersy\Documents\毕设\intellide-graph-master\src\main\java\cn\edu\pku\sei\intellide\graph\extraction\ExtractorConfig.java", "Java", 0, 0, 0, 0, 11, 0, 0, 5, 16
"c:\Users\mizersy\Documents\毕设\intellide-graph-master\src\main\java\cn\edu\pku\sei\intellide\graph\extraction\KnowledgeExtractor.java", "Java", 0, 0, 0, 0, 90, 0, 0, 13, 103
"c:\Users\mizersy\Documents\毕设\intellide-graph-master\src\main\java\cn\edu\pku\sei\intellide\graph\extraction\code_embedding\TransE.java", "Java", 0, 0, 0, 0, 226, 0, 0, 24, 250
"c:\Users\mizersy\Documents\毕设\intellide-graph-master\src\main\java\cn\edu\pku\sei\intellide\graph\extraction\code_embedding\TransExtractor.java", "Java", 0, 0, 0, 0, 76, 0, 0, 12, 88
"c:\Users\mizersy\Documents\毕设\intellide-graph-master\src\main\java\cn\edu\pku\sei\intellide\graph\extraction\code_mention\CodeMentionExtractor.java", "Java", 0, 0, 0, 0, 185, 0, 14, 13, 212
"c:\Users\mizersy\Documents\毕设\intellide-graph-master\src\main\java\cn\edu\pku\sei\intellide\graph\extraction\code_mention\utils\CodeIndexes.java", "Java", 0, 0, 0, 0, 76, 0, 2, 9, 87
"c:\Users\mizersy\Documents\毕设\intellide-graph-master\src\main\java\cn\edu\pku\sei\intellide\graph\extraction\code_wrapper\JsonExtractor.java", "Java", 0, 0, 0, 0, 102, 0, 0, 17, 119
"c:\Users\mizersy\Documents\毕设\intellide-graph-master\src\main\java\cn\edu\pku\sei\intellide\graph\extraction\doc_link\DocLinkExtractor.java", "Java", 0, 0, 0, 0, 122, 0, 6, 20, 148
"c:\Users\mizersy\Documents\毕设\intellide-graph-master\src\main\java\cn\edu\pku\sei\intellide\graph\extraction\git\GitExtractor.java", "Java", 0, 0, 0, 0, 125, 0, 1, 10, 136
"c:\Users\mizersy\Documents\毕设\intellide-graph-master\src\main\java\cn\edu\pku\sei\intellide\graph\extraction\html\HtmlExtractor.java", "Java", 0, 0, 0, 0, 84, 0, 0, 11, 95
"c:\Users\mizersy\Documents\毕设\intellide-graph-master\src\main\java\cn\edu\pku\sei\intellide\graph\extraction\java\JavaASTVisitor.java", "Java", 0, 0, 0, 0, 298, 0, 0, 18, 316
"c:\Users\mizersy\Documents\毕设\intellide-graph-master\src\main\java\cn\edu\pku\sei\intellide\graph\extraction\java\JavaExtractor.java", "Java", 0, 0, 0, 0, 92, 0, 20, 15, 127
"c:\Users\mizersy\Documents\毕设\intellide-graph-master\src\main\java\cn\edu\pku\sei\intellide\graph\extraction\java\NameResolver.java", "Java", 0, 0, 0, 0, 70, 0, 11, 8, 89
"c:\Users\mizersy\Documents\毕设\intellide-graph-master\src\main\java\cn\edu\pku\sei\intellide\graph\extraction\java\infos\JavaClassInfo.java", "Java", 0, 0, 0, 0, 65, 0, 0, 8, 73
"c:\Users\mizersy\Documents\毕设\intellide-graph-master\src\main\java\cn\edu\pku\sei\intellide\graph\extraction\java\infos\JavaFieldInfo.java", "Java", 0, 0, 0, 0, 60, 0, 0, 8, 68
"c:\Users\mizersy\Documents\毕设\intellide-graph-master\src\main\java\cn\edu\pku\sei\intellide\graph\extraction\java\infos\JavaMethodInfo.java", "Java", 0, 0, 0, 0, 111, 0, 0, 7, 118
"c:\Users\mizersy\Documents\毕设\intellide-graph-master\src\main\java\cn\edu\pku\sei\intellide\graph\extraction\java\infos\JavaProjectInfo.java", "Java", 0, 0, 0, 0, 63, 0, 0, 14, 77
"c:\Users\mizersy\Documents\毕设\intellide-graph-master\src\main\java\cn\edu\pku\sei\intellide\graph\extraction\jira\JiraExtractor.java", "Java", 0, 0, 0, 0, 352, 0, 32, 48, 432
"c:\Users\mizersy\Documents\毕设\intellide-graph-master\src\main\java\cn\edu\pku\sei\intellide\graph\extraction\jira\JiraUtils.java", "Java", 0, 0, 0, 0, 54, 0, 0, 8, 62
"c:\Users\mizersy\Documents\毕设\intellide-graph-master\src\main\java\cn\edu\pku\sei\intellide\graph\extraction\jira\entity\IssueCommentInfo.java", "Java", 0, 0, 0, 0, 72, 0, 0, 20, 92
"c:\Users\mizersy\Documents\毕设\intellide-graph-master\src\main\java\cn\edu\pku\sei\intellide\graph\extraction\jira\entity\IssueInfo.java", "Java", 0, 0, 0, 0, 134, 0, 4, 45, 183
"c:\Users\mizersy\Documents\毕设\intellide-graph-master\src\main\java\cn\edu\pku\sei\intellide\graph\extraction\jira\entity\IssueUserInfo.java", "Java", 0, 0, 0, 0, 52, 0, 0, 15, 67
"c:\Users\mizersy\Documents\毕设\intellide-graph-master\src\main\java\cn\edu\pku\sei\intellide\graph\extraction\jira\entity\PatchInfo.java", "Java", 0, 0, 0, 0, 78, 0, 3, 22, 103
"c:\Users\mizersy\Documents\毕设\intellide-graph-master\src\main\java\cn\edu\pku\sei\intellide\graph\extraction\mail\MailExtractor.java", "Java", 0, 0, 0, 0, 97, 0, 0, 23, 120
"c:\Users\mizersy\Documents\毕设\intellide-graph-master\src\main\java\cn\edu\pku\sei\intellide\graph\extraction\mail\entity\MailInfo.java", "Java", 0, 0, 0, 0, 14, 0, 0, 4, 18
"c:\Users\mizersy\Documents\毕设\intellide-graph-master\src\main\java\cn\edu\pku\sei\intellide\graph\extraction\mail\entity\MailUserInfo.java", "Java", 0, 0, 0, 0, 5, 0, 7, 2, 14
"c:\Users\mizersy\Documents\毕设\intellide-graph-master\src\main\java\cn\edu\pku\sei\intellide\graph\extraction\mail\utils\CharBufferWrapper.java", "Java", 0, 0, 0, 0, 58, 0, 24, 20, 102
"c:\Users\mizersy\Documents\毕设\intellide-graph-master\src\main\java\cn\edu\pku\sei\intellide\graph\extraction\mail\utils\EmailAddressDecoder.java", "Java", 0, 0, 0, 0, 25, 0, 19, 15, 59
"c:\Users\mizersy\Documents\毕设\intellide-graph-master\src\main\java\cn\edu\pku\sei\intellide\graph\extraction\mail\utils\FromLinePatterns.java", "Java", 0, 0, 0, 0, 5, 0, 26, 5, 36
"c:\Users\mizersy\Documents\毕设\intellide-graph-master\src\main\java\cn\edu\pku\sei\intellide\graph\extraction\mail\utils\MailUtil.java", "Java", 0, 0, 0, 0, 207, 0, 22, 41, 270
"c:\Users\mizersy\Documents\毕设\intellide-graph-master\src\main\java\cn\edu\pku\sei\intellide\graph\extraction\mail\utils\MboxHandler.java", "Java", 0, 0, 0, 0, 171, 0, 3, 29, 203
"c:\Users\mizersy\Documents\毕设\intellide-graph-master\src\main\java\cn\edu\pku\sei\intellide\graph\extraction\mail\utils\MboxIterator.java", "Java", 0, 0, 0, 0, 182, 0, 44, 27, 253
"c:\Users\mizersy\Documents\毕设\intellide-graph-master\src\main\java\cn\edu\pku\sei\intellide\graph\extraction\pptx\PptxExtractor.java", "Java", 0, 0, 0, 0, 82, 0, 0, 14, 96
"c:\Users\mizersy\Documents\毕设\intellide-graph-master\src\main\java\cn\edu\pku\sei\intellide\graph\extraction\qa\StackOverflowDumpExtractionUtils.java", "Java", 0, 0, 0, 0, 275, 0, 15, 43, 333
"c:\Users\mizersy\Documents\毕设\intellide-graph-master\src\main\java\cn\edu\pku\sei\intellide\graph\extraction\qa\StackOverflowExtractor.java", "Java", 0, 0, 0, 0, 290, 0, 35, 64, 389
"c:\Users\mizersy\Documents\毕设\intellide-graph-master\src\main\java\cn\edu\pku\sei\intellide\graph\extraction\qa\entity\AnswerInfo.java", "Java", 0, 0, 0, 0, 38, 0, 0, 14, 52
"c:\Users\mizersy\Documents\毕设\intellide-graph-master\src\main\java\cn\edu\pku\sei\intellide\graph\extraction\qa\entity\QaCommentInfo.java", "Java", 0, 0, 0, 0, 34, 0, 0, 12, 46
"c:\Users\mizersy\Documents\毕设\intellide-graph-master\src\main\java\cn\edu\pku\sei\intellide\graph\extraction\qa\entity\QaUserInfo.java", "Java", 0, 0, 0, 0, 31, 0, 0, 10, 41
"c:\Users\mizersy\Documents\毕设\intellide-graph-master\src\main\java\cn\edu\pku\sei\intellide\graph\extraction\qa\entity\QuestionInfo.java", "Java", 0, 0, 0, 0, 36, 0, 0, 14, 50
"c:\Users\mizersy\Documents\毕设\intellide-graph-master\src\main\java\cn\edu\pku\sei\intellide\graph\extraction\task\TaskExtractor.java", "Java", 0, 0, 0, 0, 168, 0, 3, 13, 184
"c:\Users\mizersy\Documents\毕设\intellide-graph-master\src\main\java\cn\edu\pku\sei\intellide\graph\extraction\task\entity\EdgeInfo.java", "Java", 0, 0, 0, 0, 124, 0, 8, 19, 151
"c:\Users\mizersy\Documents\毕设\intellide-graph-master\src\main\java\cn\edu\pku\sei\intellide\graph\extraction\task\entity\GraphInfo.java", "Java", 0, 0, 0, 0, 263, 0, 21, 39, 323
"c:\Users\mizersy\Documents\毕设\intellide-graph-master\src\main\java\cn\edu\pku\sei\intellide\graph\extraction\task\entity\NodeInfo.java", "Java", 0, 0, 0, 0, 102, 0, 5, 22, 129
"c:\Users\mizersy\Documents\毕设\intellide-graph-master\src\main\java\cn\edu\pku\sei\intellide\graph\extraction\task\entity\NodeLabel.java", "Java", 0, 0, 0, 0, 47, 0, 0, 7, 54
"c:\Users\mizersy\Documents\毕设\intellide-graph-master\src\main\java\cn\edu\pku\sei\intellide\graph\extraction\task\entity\NounPhraseStructureInfo.java", "Java", 0, 0, 0, 0, 159, 0, 23, 25, 207
"c:\Users\mizersy\Documents\毕设\intellide-graph-master\src\main\java\cn\edu\pku\sei\intellide\graph\extraction\task\entity\PhraseInfo.java", "Java", 0, 0, 0, 0, 92, 0, 8, 30, 130
"c:\Users\mizersy\Documents\毕设\intellide-graph-master\src\main\java\cn\edu\pku\sei\intellide\graph\extraction\task\entity\PrepPhraseStructureInfo.java", "Java", 0, 0, 0, 0, 111, 0, 13, 21, 145
"c:\Users\mizersy\Documents\毕设\intellide-graph-master\src\main\java\cn\edu\pku\sei\intellide\graph\extraction\task\entity\TaskInfo.java", "Java", 0, 0, 0, 0, 81, 0, 0, 23, 104
"c:\Users\mizersy\Documents\毕设\intellide-graph-master\src\main\java\cn\edu\pku\sei\intellide\graph\extraction\task\entity\TreeInfo.java", "Java", 0, 0, 0, 0, 42, 0, 3, 13, 58
"c:\Users\mizersy\Documents\毕设\intellide-graph-master\src\main\java\cn\edu\pku\sei\intellide\graph\extraction\task\entity\VerbalPhraseStructureInfo.java", "Java", 0, 0, 0, 0, 184, 0, 49, 33, 266
"c:\Users\mizersy\Documents\毕设\intellide-graph-master\src\main\java\cn\edu\pku\sei\intellide\graph\extraction\task\entity\dictionary\AdjectiveInfo.java", "Java", 0, 0, 0, 0, 7, 0, 0, 3, 10
"c:\Users\mizersy\Documents\毕设\intellide-graph-master\src\main\java\cn\edu\pku\sei\intellide\graph\extraction\task\entity\dictionary\ConjunctionInfo.java", "Java", 0, 0, 0, 0, 7, 0, 0, 3, 10
"c:\Users\mizersy\Documents\毕设\intellide-graph-master\src\main\java\cn\edu\pku\sei\intellide\graph\extraction\task\entity\dictionary\DictionaryInfo.java", "Java", 0, 0, 0, 0, 79, 0, 3, 15, 97
"c:\Users\mizersy\Documents\毕设\intellide-graph-master\src\main\java\cn\edu\pku\sei\intellide\graph\extraction\task\entity\dictionary\NounInfo.java", "Java", 0, 0, 0, 0, 7, 0, 0, 3, 10
"c:\Users\mizersy\Documents\毕设\intellide-graph-master\src\main\java\cn\edu\pku\sei\intellide\graph\extraction\task\entity\dictionary\VerbInfo.java", "Java", 0, 0, 0, 0, 7, 0, 0, 3, 10
"c:\Users\mizersy\Documents\毕设\intellide-graph-master\src\main\java\cn\edu\pku\sei\intellide\graph\extraction\task\entity\dictionary\WordInfo.java", "Java", 0, 0, 0, 0, 29, 0, 6, 10, 45
"c:\Users\mizersy\Documents\毕设\intellide-graph-master\src\main\java\cn\edu\pku\sei\intellide\graph\extraction\task\filters\CheckerPhraseForm.java", "Java", 0, 0, 0, 0, 160, 0, 18, 32, 210
"c:\Users\mizersy\Documents\毕设\intellide-graph-master\src\main\java\cn\edu\pku\sei\intellide\graph\extraction\task\filters\FilterBeVerb.java", "Java", 0, 0, 0, 0, 65, 0, 5, 18, 88
"c:\Users\mizersy\Documents\毕设\intellide-graph-master\src\main\java\cn\edu\pku\sei\intellide\graph\extraction\task\filters\FilterContext.java", "Java", 0, 0, 0, 0, 73, 0, 1, 14, 88
"c:\Users\mizersy\Documents\毕设\intellide-graph-master\src\main\java\cn\edu\pku\sei\intellide\graph\extraction\task\filters\FilterModalVerb.java", "Java", 0, 0, 0, 0, 60, 0, 2, 20, 82
"c:\Users\mizersy\Documents\毕设\intellide-graph-master\src\main\java\cn\edu\pku\sei\intellide\graph\extraction\task\filters\FilterNegation.java", "Java", 0, 0, 0, 0, 49, 0, 5, 13, 67
"c:\Users\mizersy\Documents\毕设\intellide-graph-master\src\main\java\cn\edu\pku\sei\intellide\graph\extraction\task\filters\FilterNoun.java", "Java", 0, 0, 0, 0, 136, 0, 7, 19, 162
"c:\Users\mizersy\Documents\毕设\intellide-graph-master\src\main\java\cn\edu\pku\sei\intellide\graph\extraction\task\filters\FilterPhrase.java", "Java", 0, 0, 0, 0, 27, 0, 0, 4, 31
"c:\Users\mizersy\Documents\毕设\intellide-graph-master\src\main\java\cn\edu\pku\sei\intellide\graph\extraction\task\filters\FilterPronoun.java", "Java", 0, 0, 0, 0, 30, 0, 1, 8, 39
"c:\Users\mizersy\Documents\毕设\intellide-graph-master\src\main\java\cn\edu\pku\sei\intellide\graph\extraction\task\filters\FilterVerb.java", "Java", 0, 0, 0, 0, 96, 0, 3, 25, 124
"c:\Users\mizersy\Documents\毕设\intellide-graph-master\src\main\java\cn\edu\pku\sei\intellide\graph\extraction\task\graph\FrequentGraphMiner.java", "Java", 0, 0, 0, 0, 180, 0, 33, 36, 249
"c:\Users\mizersy\Documents\毕设\intellide-graph-master\src\main\java\cn\edu\pku\sei\intellide\graph\extraction\task\graph\FrequentGraphPostRunner.java", "Java", 0, 0, 0, 0, 150, 0, 30, 37, 217
"c:\Users\mizersy\Documents\毕设\intellide-graph-master\src\main\java\cn\edu\pku\sei\intellide\graph\extraction\task\graph\GraphBuilder.java", "Java", 0, 0, 0, 0, 167, 0, 77, 32, 276
"c:\Users\mizersy\Documents\毕设\intellide-graph-master\src\main\java\cn\edu\pku\sei\intellide\graph\extraction\task\graph\GraphParser.java", "Java", 0, 0, 0, 0, 180, 0, 26, 27, 233
"c:\Users\mizersy\Documents\毕设\intellide-graph-master\src\main\java\cn\edu\pku\sei\intellide\graph\extraction\task\parser\NLPParser.java", "Java", 0, 0, 0, 0, 17, 0, 6, 10, 33
"c:\Users\mizersy\Documents\毕设\intellide-graph-master\src\main\java\cn\edu\pku\sei\intellide\graph\extraction\task\parser\PhraseExtractor.java", "Java", 0, 0, 0, 0, 46, 0, 9, 16, 71
"c:\Users\mizersy\Documents\毕设\intellide-graph-master\src\main\java\cn\edu\pku\sei\intellide\graph\extraction\task\parser\PhraseFilter.java", "Java", 0, 0, 0, 0, 47, 0, 13, 19, 79
"c:\Users\mizersy\Documents\毕设\intellide-graph-master\src\main\java\cn\edu\pku\sei\intellide\graph\extraction\task\parser\Proof.java", "Java", 0, 0, 0, 0, 131, 0, 6, 37, 174
"c:\Users\mizersy\Documents\毕设\intellide-graph-master\src\main\java\cn\edu\pku\sei\intellide\graph\extraction\task\parser\ProofType.java", "Java", 0, 0, 0, 0, 70, 0, 0, 23, 93
"c:\Users\mizersy\Documents\毕设\intellide-graph-master\src\main\java\cn\edu\pku\sei\intellide\graph\extraction\task\parser\Rules.java", "Java", 0, 0, 0, 0, 276, 0, 18, 19, 313
"c:\Users\mizersy\Documents\毕设\intellide-graph-master\src\main\java\cn\edu\pku\sei\intellide\graph\extraction\task\parser\StanfordParser.java", "Java", 0, 0, 0, 0, 66, 0, 9, 26, 101
"c:\Users\mizersy\Documents\毕设\intellide-graph-master\src\main\java\cn\edu\pku\sei\intellide\graph\extraction\task\parser\Stemmer.java", "Java", 0, 0, 0, 0, 104, 0, 4, 21, 129
"c:\Users\mizersy\Documents\毕设\intellide-graph-master\src\main\java\cn\edu\pku\sei\intellide\graph\extraction\task\utils\GraphUtils.java", "Java", 0, 0, 0, 0, 203, 0, 9, 24, 236
"c:\Users\mizersy\Documents\毕设\intellide-graph-master\src\main\java\cn\edu\pku\sei\intellide\graph\extraction\task\utils\ObjectIO.java", "Java", 0, 0, 0, 0, 167, 0, 136, 34, 337
"c:\Users\mizersy\Documents\毕设\intellide-graph-master\src\main\java\cn\edu\pku\sei\intellide\graph\extraction\task\utils\TextUtils.java", "Java", 0, 0, 0, 0, 46, 0, 3, 10, 59
"c:\Users\mizersy\Documents\毕设\intellide-graph-master\src\main\java\cn\edu\pku\sei\intellide\graph\extraction\task\utils\TreeUtils.java", "Java", 0, 0, 0, 0, 311, 0, 31, 33, 375
"c:\Users\mizersy\Documents\毕设\intellide-graph-master\src\main\java\cn\edu\pku\sei\intellide\graph\extraction\task\utils\UUIDInterface.java", "Java", 0, 0, 0, 0, 4, 0, 0, 2, 6
"c:\Users\mizersy\Documents\毕设\intellide-graph-master\src\main\java\cn\edu\pku\sei\intellide\graph\extraction\tokenization\TokenExtractor.java", "Java", 0, 0, 0, 0, 154, 0, 15, 20, 189
"c:\Users\mizersy\Documents\毕设\intellide-graph-master\src\main\java\cn\edu\pku\sei\intellide\graph\helpers\AllDataGraphBuilder.java", "Java", 0, 0, 0, 0, 114, 0, 91, 21, 226
"c:\Users\mizersy\Documents\毕设\intellide-graph-master\src\main\java\cn\edu\pku\sei\intellide\graph\helpers\CodeSearchDataCollector.java", "Java", 0, 0, 0, 0, 201, 0, 52, 22, 275
"c:\Users\mizersy\Documents\毕设\intellide-graph-master\src\main\java\cn\edu\pku\sei\intellide\graph\helpers\DocSearchDataCollector.java", "Java", 0, 0, 0, 0, 67, 0, 0, 9, 76
"c:\Users\mizersy\Documents\毕设\intellide-graph-master\src\main\java\cn\edu\pku\sei\intellide\graph\qa\code_search\APILocater.java", "Java", 0, 0, 0, 0, 142, 0, 11, 18, 171
"c:\Users\mizersy\Documents\毕设\intellide-graph-master\src\main\java\cn\edu\pku\sei\intellide\graph\qa\code_search\CnToEnDirectory.java", "Java", 0, 0, 0, 0, 33, 0, 0, 9, 42
"c:\Users\mizersy\Documents\毕设\intellide-graph-master\src\main\java\cn\edu\pku\sei\intellide\graph\qa\code_search\CodeSearch.java", "Java", 0, 0, 0, 0, 54, 0, 8, 10, 72
"c:\Users\mizersy\Documents\毕设\intellide-graph-master\src\main\java\cn\edu\pku\sei\intellide\graph\qa\code_search\GraphReader.java", "Java", 0, 0, 0, 0, 79, 0, 5, 12, 96
"c:\Users\mizersy\Documents\毕设\intellide-graph-master\src\main\java\cn\edu\pku\sei\intellide\graph\qa\code_search\MyNode.java", "Java", 0, 0, 0, 0, 18, 0, 0, 5, 23
"c:\Users\mizersy\Documents\毕设\intellide-graph-master\src\main\java\cn\edu\pku\sei\intellide\graph\qa\code_search\MySubgraph.java", "Java", 0, 0, 0, 0, 9, 0, 0, 3, 12
"c:\Users\mizersy\Documents\毕设\intellide-graph-master\src\main\java\cn\edu\pku\sei\intellide\graph\qa\doc_search\DocSearch.java", "Java", 0, 0, 0, 0, 281, 0, 20, 20, 321
"c:\Users\mizersy\Documents\毕设\intellide-graph-master\src\main\java\cn\edu\pku\sei\intellide\graph\qa\doc_search\DocSearchEvalInfo.java", "Java", 0, 0, 0, 0, 11, 0, 0, 6, 17
"c:\Users\mizersy\Documents\毕设\intellide-graph-master\src\main\java\cn\edu\pku\sei\intellide\graph\qa\doc_search\KnowledgeBasedRerank.java", "Java", 0, 0, 0, 0, 88, 0, 0, 10, 98
"c:\Users\mizersy\Documents\毕设\intellide-graph-master\src\main\java\cn\edu\pku\sei\intellide\graph\qa\nl_query\NLQueryEngine.java", "Java", 0, 0, 0, 0, 122, 0, 2, 14, 138
"c:\Users\mizersy\Documents\毕设\intellide-graph-master\src\main\java\cn\edu\pku\sei\intellide\graph\qa\nl_query\NlpInterface\NLPInterpreter.java", "Java", 0, 0, 0, 0, 126, 0, 8, 17, 151
"c:\Users\mizersy\Documents\毕设\intellide-graph-master\src\main\java\cn\edu\pku\sei\intellide\graph\qa\nl_query\NlpInterface\config\StopWords.java", "Java", 0, 0, 0, 0, 32, 0, 0, 10, 42
"c:\Users\mizersy\Documents\毕设\intellide-graph-master\src\main\java\cn\edu\pku\sei\intellide\graph\qa\nl_query\NlpInterface\entity\Cypher.java", "Java", 0, 0, 0, 0, 4, 0, 0, 2, 6
"c:\Users\mizersy\Documents\毕设\intellide-graph-master\src\main\java\cn\edu\pku\sei\intellide\graph\qa\nl_query\NlpInterface\entity\NLPInferenceLink.java", "Java", 0, 0, 0, 0, 4, 0, 0, 2, 6
"c:\Users\mizersy\Documents\毕设\intellide-graph-master\src\main\java\cn\edu\pku\sei\intellide\graph\qa\nl_query\NlpInterface\entity\NLPInferenceNode.java", "Java", 0, 0, 0, 0, 11, 0, 0, 3, 14
"c:\Users\mizersy\Documents\毕设\intellide-graph-master\src\main\java\cn\edu\pku\sei\intellide\graph\qa\nl_query\NlpInterface\entity\NLPNode.java", "Java", 0, 0, 0, 0, 35, 0, 0, 9, 44
"c:\Users\mizersy\Documents\毕设\intellide-graph-master\src\main\java\cn\edu\pku\sei\intellide\graph\qa\nl_query\NlpInterface\entity\NLPRelation.java", "Java", 0, 0, 0, 0, 23, 0, 0, 7, 30
"c:\Users\mizersy\Documents\毕设\intellide-graph-master\src\main\java\cn\edu\pku\sei\intellide\graph\qa\nl_query\NlpInterface\entity\NLPToken.java", "Java", 0, 0, 0, 0, 32, 0, 0, 7, 39
"c:\Users\mizersy\Documents\毕设\intellide-graph-master\src\main\java\cn\edu\pku\sei\intellide\graph\qa\nl_query\NlpInterface\entity\Query.java", "Java", 0, 0, 0, 0, 47, 0, 0, 8, 55
"c:\Users\mizersy\Documents\毕设\intellide-graph-master\src\main\java\cn\edu\pku\sei\intellide\graph\qa\nl_query\NlpInterface\entity\TokenMapping\NLPAttributeMapping.java", "Java", 0, 0, 0, 0, 16, 0, 0, 5, 21
"c:\Users\mizersy\Documents\毕设\intellide-graph-master\src\main\java\cn\edu\pku\sei\intellide\graph\qa\nl_query\NlpInterface\entity\TokenMapping\NLPAttributeSchemaMapping.java", "Java", 0, 0, 0, 0, 25, 0, 0, 6, 31
"c:\Users\mizersy\Documents\毕设\intellide-graph-master\src\main\java\cn\edu\pku\sei\intellide\graph\qa\nl_query\NlpInterface\entity\TokenMapping\NLPEdgeSchemaMapping.java", "Java", 0, 0, 0, 0, 12, 0, 0, 5, 17
"c:\Users\mizersy\Documents\毕设\intellide-graph-master\src\main\java\cn\edu\pku\sei\intellide\graph\qa\nl_query\NlpInterface\entity\TokenMapping\NLPMapping.java", "Java", 0, 0, 0, 0, 14, 0, 0, 9, 23
"c:\Users\mizersy\Documents\毕设\intellide-graph-master\src\main\java\cn\edu\pku\sei\intellide\graph\qa\nl_query\NlpInterface\entity\TokenMapping\NLPNoticeMapping.java", "Java", 0, 0, 0, 0, 11, 0, 0, 6, 17
"c:\Users\mizersy\Documents\毕设\intellide-graph-master\src\main\java\cn\edu\pku\sei\intellide\graph\qa\nl_query\NlpInterface\entity\TokenMapping\NLPPathSchemaMapping.java", "Java", 0, 0, 0, 0, 12, 0, 0, 4, 16
"c:\Users\mizersy\Documents\毕设\intellide-graph-master\src\main\java\cn\edu\pku\sei\intellide\graph\qa\nl_query\NlpInterface\entity\TokenMapping\NLPVertexMapping.java", "Java", 0, 0, 0, 0, 14, 0, 0, 5, 19
"c:\Users\mizersy\Documents\毕设\intellide-graph-master\src\main\java\cn\edu\pku\sei\intellide\graph\qa\nl_query\NlpInterface\entity\TokenMapping\NLPVertexSchemaMapping.java", "Java", 0, 0, 0, 0, 20, 0, 0, 6, 26
"c:\Users\mizersy\Documents\毕设\intellide-graph-master\src\main\java\cn\edu\pku\sei\intellide\graph\qa\nl_query\NlpInterface\extractmodel\ExtractModel.java", "Java", 0, 0, 0, 0, 185, 0, 0, 19, 204
"c:\Users\mizersy\Documents\毕设\intellide-graph-master\src\main\java\cn\edu\pku\sei\intellide\graph\qa\nl_query\NlpInterface\extractmodel\Graph.java", "Java", 0, 0, 0, 0, 20, 0, 0, 9, 29
"c:\Users\mizersy\Documents\毕设\intellide-graph-master\src\main\java\cn\edu\pku\sei\intellide\graph\qa\nl_query\NlpInterface\extractmodel\GraphSchemaKeywords.java", "Java", 0, 0, 0, 0, 32, 0, 0, 6, 38
"c:\Users\mizersy\Documents\毕设\intellide-graph-master\src\main\java\cn\edu\pku\sei\intellide\graph\qa\nl_query\NlpInterface\extractmodel\Vertex.java", "Java", 0, 0, 0, 0, 18, 0, 0, 6, 24
"c:\Users\mizersy\Documents\毕设\intellide-graph-master\src\main\java\cn\edu\pku\sei\intellide\graph\qa\nl_query\NlpInterface\ir\LuceneIndex.java", "Java", 0, 0, 0, 0, 119, 0, 0, 24, 143
"c:\Users\mizersy\Documents\毕设\intellide-graph-master\src\main\java\cn\edu\pku\sei\intellide\graph\qa\nl_query\NlpInterface\ir\LuceneSearchResult.java", "Java", 0, 0, 0, 0, 13, 0, 0, 3, 16
"c:\Users\mizersy\Documents\毕设\intellide-graph-master\src\main\java\cn\edu\pku\sei\intellide\graph\qa\nl_query\NlpInterface\rules\PathsJson.java", "Java", 0, 0, 0, 0, 107, 0, 0, 9, 116
"c:\Users\mizersy\Documents\毕设\intellide-graph-master\src\main\java\cn\edu\pku\sei\intellide\graph\qa\nl_query\NlpInterface\rules\SynonymJson.java", "Java", 0, 0, 0, 0, 89, 0, 0, 10, 99
"c:\Users\mizersy\Documents\毕设\intellide-graph-master\src\main\java\cn\edu\pku\sei\intellide\graph\qa\nl_query\NlpInterface\schema\GraphAttribute.java", "Java", 0, 0, 0, 0, 9, 0, 0, 3, 12
"c:\Users\mizersy\Documents\毕设\intellide-graph-master\src\main\java\cn\edu\pku\sei\intellide\graph\qa\nl_query\NlpInterface\schema\GraphEdgeType.java", "Java", 0, 0, 0, 0, 19, 0, 0, 4, 23
"c:\Users\mizersy\Documents\毕设\intellide-graph-master\src\main\java\cn\edu\pku\sei\intellide\graph\qa\nl_query\NlpInterface\schema\GraphPath.java", "Java", 0, 0, 0, 0, 13, 0, 0, 3, 16
"c:\Users\mizersy\Documents\毕设\intellide-graph-master\src\main\java\cn\edu\pku\sei\intellide\graph\qa\nl_query\NlpInterface\schema\GraphSchema.java", "Java", 0, 0, 0, 0, 25, 0, 0, 5, 30
"c:\Users\mizersy\Documents\毕设\intellide-graph-master\src\main\java\cn\edu\pku\sei\intellide\graph\qa\nl_query\NlpInterface\schema\GraphVertexType.java", "Java", 0, 0, 0, 0, 22, 0, 0, 5, 27
"c:\Users\mizersy\Documents\毕设\intellide-graph-master\src\main\java\cn\edu\pku\sei\intellide\graph\qa\nl_query\NlpInterface\wrapper\CyphersGenerator.java", "Java", 0, 0, 0, 0, 127, 0, 1, 10, 138
"c:\Users\mizersy\Documents\毕设\intellide-graph-master\src\main\java\cn\edu\pku\sei\intellide\graph\qa\nl_query\NlpInterface\wrapper\EdgeMappingSchema.java", "Java", 0, 0, 0, 0, 269, 0, 1, 14, 284
"c:\Users\mizersy\Documents\毕设\intellide-graph-master\src\main\java\cn\edu\pku\sei\intellide\graph\qa\nl_query\NlpInterface\wrapper\Evaluator.java", "Java", 0, 0, 0, 0, 162, 0, 0, 20, 182
"c:\Users\mizersy\Documents\毕设\intellide-graph-master\src\main\java\cn\edu\pku\sei\intellide\graph\qa\nl_query\NlpInterface\wrapper\InferenceLinksGenerator.java", "Java", 0, 0, 0, 0, 115, 0, 1, 9, 125
"c:\Users\mizersy\Documents\毕设\intellide-graph-master\src\main\java\cn\edu\pku\sei\intellide\graph\qa\nl_query\NlpInterface\wrapper\LinkAllNodes.java", "Java", 0, 0, 0, 0, 232, 0, 2, 21, 255
"c:\Users\mizersy\Documents\毕设\intellide-graph-master\src\main\java\cn\edu\pku\sei\intellide\graph\qa\nl_query\NlpInterface\wrapper\SchemaMapping.java", "Java", 0, 0, 0, 0, 127, 0, 5, 11, 143
"c:\Users\mizersy\Documents\毕设\intellide-graph-master\src\main\java\cn\edu\pku\sei\intellide\graph\qa\nl_query\NlpInterface\wrapper\StanfordParser.java", "Java", 0, 0, 0, 0, 78, 0, 2, 11, 91
"c:\Users\mizersy\Documents\毕设\intellide-graph-master\src\main\java\cn\edu\pku\sei\intellide\graph\qa\nl_query\NlpInterface\wrapper\TokenMapping.java", "Java", 0, 0, 0, 0, 521, 0, 34, 19, 574
"c:\Users\mizersy\Documents\毕设\intellide-graph-master\src\main\java\cn\edu\pku\sei\intellide\graph\qa\nl_query\NlpInterface\wrapper\TokensGenerator.java", "Java", 0, 0, 0, 0, 62, 0, 1, 5, 68
"c:\Users\mizersy\Documents\毕设\intellide-graph-master\src\main\java\cn\edu\pku\sei\intellide\graph\webapp\Controller.java", "Java", 0, 0, 0, 0, 110, 0, 0, 25, 135
"c:\Users\mizersy\Documents\毕设\intellide-graph-master\src\main\java\cn\edu\pku\sei\intellide\graph\webapp\SnowView.java", "Java", 0, 0, 0, 0, 47, 0, 0, 15, 62
"c:\Users\mizersy\Documents\毕设\intellide-graph-master\src\main\java\cn\edu\pku\sei\intellide\graph\webapp\entity\Conf.java", "Java", 0, 0, 0, 0, 12, 0, 0, 8, 20
"c:\Users\mizersy\Documents\毕设\intellide-graph-master\src\main\java\cn\edu\pku\sei\intellide\graph\webapp\entity\NavResult.java", "Java", 0, 0, 0, 0, 132, 0, 0, 24, 156
"c:\Users\mizersy\Documents\毕设\intellide-graph-master\src\main\java\cn\edu\pku\sei\intellide\graph\webapp\entity\Neo4jNode.java", "Java", 0, 0, 0, 0, 41, 0, 0, 10, 51
"c:\Users\mizersy\Documents\毕设\intellide-graph-master\src\main\java\cn\edu\pku\sei\intellide\graph\webapp\entity\Neo4jRelation.java", "Java", 0, 0, 0, 0, 50, 0, 0, 11, 61
"c:\Users\mizersy\Documents\毕设\intellide-graph-master\src\main\java\cn\edu\pku\sei\intellide\graph\webapp\entity\Neo4jSubGraph.java", "Java", 0, 0, 0, 0, 29, 0, 0, 14, 43
"c:\Users\mizersy\Documents\毕设\intellide-graph-master\src\main\java\cn\edu\pku\sei\intellide\graph\webapp\entity\SnowGraphProject.java", "Java", 0, 0, 0, 0, 37, 0, 0, 10, 47
"c:\Users\mizersy\Documents\毕设\intellide-graph-master\src\main\java\de.parsemis\MainFrame.java", "Java", 0, 0, 0, 0, 442, 0, 88, 91, 621
"c:\Users\mizersy\Documents\毕设\intellide-graph-master\src\main\java\de.parsemis\Miner.java", "Java", 0, 0, 0, 0, 268, 0, 76, 28, 372
"c:\Users\mizersy\Documents\毕设\intellide-graph-master\src\main\java\de.parsemis\algorithms\Algorithm.java", "Java", 0, 0, 0, 0, 20, 0, 45, 8, 73
"c:\Users\mizersy\Documents\毕设\intellide-graph-master\src\main\java\de.parsemis\algorithms\dagminer\Algorithm.java", "Java", 0, 0, 0, 0, 191, 0, 53, 41, 285
"c:\Users\mizersy\Documents\毕设\intellide-graph-master\src\main\java\de.parsemis\algorithms\dagminer\DAGmEmbedding.java", "Java", 0, 0, 0, 0, 155, 0, 77, 36, 268
"c:\Users\mizersy\Documents\毕设\intellide-graph-master\src\main\java\de.parsemis\algorithms\dagminer\DAGmExtender.java", "Java", 0, 0, 0, 0, 42, 0, 66, 12, 120
"c:\Users\mizersy\Documents\毕设\intellide-graph-master\src\main\java\de.parsemis\algorithms\dagminer\DAGmFragment.java", "Java", 0, 0, 0, 0, 676, 0, 181, 148, 1005
"c:\Users\mizersy\Documents\毕设\intellide-graph-master\src\main\java\de.parsemis\algorithms\dagminer\DAGmGraph.java", "Java", 0, 0, 0, 0, 54, 0, 59, 12, 125
"c:\Users\mizersy\Documents\毕设\intellide-graph-master\src\main\java\de.parsemis\algorithms\dagminer\DAGmHPEmbedding.java", "Java", 0, 0, 0, 0, 220, 0, 72, 51, 343
"c:\Users\mizersy\Documents\毕设\intellide-graph-master\src\main\java\de.parsemis\algorithms\dagminer\DAGmNewEdgeExtension.java", "Java", 0, 0, 0, 0, 170, 0, 80, 32, 282
"c:\Users\mizersy\Documents\毕设\intellide-graph-master\src\main\java\de.parsemis\algorithms\dagminer\DAGmNewLevelExtension.java", "Java", 0, 0, 0, 0, 118, 0, 53, 26, 197
"c:\Users\mizersy\Documents\毕设\intellide-graph-master\src\main\java\de.parsemis\algorithms\dagminer\DAGmNewNodeExtension.java", "Java", 0, 0, 0, 0, 134, 0, 58, 27, 219
"c:\Users\mizersy\Documents\毕设\intellide-graph-master\src\main\java\de.parsemis\algorithms\dagminer\DAGmNewRootExtension.java", "Java", 0, 0, 0, 0, 95, 0, 34, 19, 148
"c:\Users\mizersy\Documents\毕设\intellide-graph-master\src\main\java\de.parsemis\algorithms\dagminer\DAGmSearchLatticeNode.java", "Java", 0, 0, 0, 0, 372, 0, 132, 78, 582
"c:\Users\mizersy\Documents\毕设\intellide-graph-master\src\main\java\de.parsemis\algorithms\dagminer\DAGmUnconnectedPruning.java", "Java", 0, 0, 0, 0, 30, 0, 30, 7, 67
"c:\Users\mizersy\Documents\毕设\intellide-graph-master\src\main\java\de.parsemis\algorithms\dagminer\package-info.java", "Java", 0, 0, 0, 0, 1, 0, 30, 3, 34
"c:\Users\mizersy\Documents\毕设\intellide-graph-master\src\main\java\de.parsemis\algorithms\gSpan\Algorithm.java", "Java", 0, 0, 0, 0, 331, 0, 105, 39, 475
"c:\Users\mizersy\Documents\毕设\intellide-graph-master\src\main\java\de.parsemis\algorithms\gSpan\CompleteGlueNodeStep.java", "Java", 0, 0, 0, 0, 22, 0, 47, 11, 80
"c:\Users\mizersy\Documents\毕设\intellide-graph-master\src\main\java\de.parsemis\algorithms\gSpan\DFSCode.java", "Java", 0, 0, 0, 0, 422, 0, 208, 57, 687
"c:\Users\mizersy\Documents\毕设\intellide-graph-master\src\main\java\de.parsemis\algorithms\gSpan\EmbeddingBasedHPFragment.java", "Java", 0, 0, 0, 0, 40, 0, 60, 12, 112
"c:\Users\mizersy\Documents\毕设\intellide-graph-master\src\main\java\de.parsemis\algorithms\gSpan\GSpanBridgePruning.java", "Java", 0, 0, 0, 0, 118, 0, 77, 19, 214
"c:\Users\mizersy\Documents\毕设\intellide-graph-master\src\main\java\de.parsemis\algorithms\gSpan\GSpanEdge.java", "Java", 0, 0, 0, 0, 230, 0, 135, 37, 402
"c:\Users\mizersy\Documents\毕设\intellide-graph-master\src\main\java\de.parsemis\algorithms\gSpan\GSpanEmbedding.java", "Java", 0, 0, 0, 0, 170, 0, 102, 31, 303
"c:\Users\mizersy\Documents\毕设\intellide-graph-master\src\main\java\de.parsemis\algorithms\gSpan\GSpanExtender.java", "Java", 0, 0, 0, 0, 44, 0, 51, 14, 109
"c:\Users\mizersy\Documents\毕设\intellide-graph-master\src\main\java\de.parsemis\algorithms\gSpan\GSpanExtension.java", "Java", 0, 0, 0, 0, 52, 0, 59, 18, 129
"c:\Users\mizersy\Documents\毕设\intellide-graph-master\src\main\java\de.parsemis\algorithms\gSpan\GSpanGeneration.java", "Java", 0, 0, 0, 0, 137, 0, 67, 17, 221
"c:\Users\mizersy\Documents\毕设\intellide-graph-master\src\main\java\de.parsemis\algorithms\gSpan\GSpanGraph.java", "Java", 0, 0, 0, 0, 298, 0, 115, 45, 458
"c:\Users\mizersy\Documents\毕设\intellide-graph-master\src\main\java\de.parsemis\algorithms\gSpan\GSpanHPEmbedding.java", "Java", 0, 0, 0, 0, 14, 0, 40, 5, 59
"c:\Users\mizersy\Documents\毕设\intellide-graph-master\src\main\java\de.parsemis\algorithms\gSpan\GSpanHPEmbedding_flat.java", "Java", 0, 0, 0, 0, 121, 0, 82, 24, 227
"c:\Users\mizersy\Documents\毕设\intellide-graph-master\src\main\java\de.parsemis\algorithms\gSpan\GSpanHPEmbedding_hierarchical.java", "Java", 0, 0, 0, 0, 231, 0, 81, 47, 359
"c:\Users\mizersy\Documents\毕设\intellide-graph-master\src\main\java\de.parsemis\algorithms\gSpan\GThreadEnvFactory.java", "Java", 0, 0, 0, 0, 12, 0, 31, 5, 48
"c:\Users\mizersy\Documents\毕设\intellide-graph-master\src\main\java\de.parsemis\algorithms\gSpan\GThreadEnvironment.java", "Java", 0, 0, 0, 0, 266, 0, 149, 50, 465
"c:\Users\mizersy\Documents\毕设\intellide-graph-master\src\main\java\de.parsemis\algorithms\gSpan\GraphBasedHPFragment.java", "Java", 0, 0, 0, 0, 65, 0, 81, 15, 161
"c:\Users\mizersy\Documents\毕设\intellide-graph-master\src\main\java\de.parsemis\algorithms\gSpan\LazyExtendedEmbedding_flat.java", "Java", 0, 0, 0, 0, 124, 0, 33, 29, 186
"c:\Users\mizersy\Documents\毕设\intellide-graph-master\src\main\java\de.parsemis\algorithms\gSpan\MinExtension.java", "Java", 0, 0, 0, 0, 68, 0, 62, 13, 143
"c:\Users\mizersy\Documents\毕设\intellide-graph-master\src\main\java\de.parsemis\algorithms\gSpan\MinExtensionSet.java", "Java", 0, 0, 0, 0, 84, 0, 85, 16, 185
"c:\Users\mizersy\Documents\毕设\intellide-graph-master\src\main\java\de.parsemis\algorithms\gSpan\RightMostExtension.java", "Java", 0, 0, 0, 0, 138, 0, 81, 19, 238
"c:\Users\mizersy\Documents\毕设\intellide-graph-master\src\main\java\de.parsemis\algorithms\gSpan\UnconnectedExtension.java", "Java", 0, 0, 0, 0, 35, 0, 42, 6, 83
"c:\Users\mizersy\Documents\毕设\intellide-graph-master\src\main\java\de.parsemis\algorithms\gSpan\package-info.java", "Java", 0, 0, 0, 0, 1, 0, 29, 2, 32
"c:\Users\mizersy\Documents\毕设\intellide-graph-master\src\main\java\de.parsemis\algorithms\gaston\Algorithm.java", "Java", 0, 0, 0, 0, 133, 0, 38, 28, 199
"c:\Users\mizersy\Documents\毕设\intellide-graph-master\src\main\java\de.parsemis\algorithms\gaston\CycleRefinement.java", "Java", 0, 0, 0, 0, 36, 0, 54, 10, 100
"c:\Users\mizersy\Documents\毕设\intellide-graph-master\src\main\java\de.parsemis\algorithms\gaston\DepthRefinement.java", "Java", 0, 0, 0, 0, 63, 0, 94, 14, 171
"c:\Users\mizersy\Documents\毕设\intellide-graph-master\src\main\java\de.parsemis\algorithms\gaston\GastonCycle.java", "Java", 0, 0, 0, 0, 83, 0, 45, 17, 145
"c:\Users\mizersy\Documents\毕设\intellide-graph-master\src\main\java\de.parsemis\algorithms\gaston\GastonEmbedding.java", "Java", 0, 0, 0, 0, 19, 0, 24, 13, 56
"c:\Users\mizersy\Documents\毕设\intellide-graph-master\src\main\java\de.parsemis\algorithms\gaston\GastonEmbedding_flat.java", "Java", 0, 0, 0, 0, 65, 0, 28, 20, 113
"c:\Users\mizersy\Documents\毕设\intellide-graph-master\src\main\java\de.parsemis\algorithms\gaston\GastonEmbedding_hierarchical.java", "Java", 0, 0, 0, 0, 64, 0, 28, 20, 112
"c:\Users\mizersy\Documents\毕设\intellide-graph-master\src\main\java\de.parsemis\algorithms\gaston\GastonEnvironment.java", "Java", 0, 0, 0, 0, 152, 0, 75, 27, 254
"c:\Users\mizersy\Documents\毕设\intellide-graph-master\src\main\java\de.parsemis\algorithms\gaston\GastonEnvironmentFactory.java", "Java", 0, 0, 0, 0, 25, 0, 20, 8, 53
"c:\Users\mizersy\Documents\毕设\intellide-graph-master\src\main\java\de.parsemis\algorithms\gaston\GastonFragment.java", "Java", 0, 0, 0, 0, 173, 0, 96, 33, 302
"c:\Users\mizersy\Documents\毕设\intellide-graph-master\src\main\java\de.parsemis\algorithms\gaston\GastonGeneration.java", "Java", 0, 0, 0, 0, 20, 0, 37, 7, 64
"c:\Users\mizersy\Documents\毕设\intellide-graph-master\src\main\java\de.parsemis\algorithms\gaston\GastonGraph.java", "Java", 0, 0, 0, 0, 82, 0, 63, 19, 164
"c:\Users\mizersy\Documents\毕设\intellide-graph-master\src\main\java\de.parsemis\algorithms\gaston\GastonNode.java", "Java", 0, 0, 0, 0, 68, 0, 43, 20, 131
"c:\Users\mizersy\Documents\毕设\intellide-graph-master\src\main\java\de.parsemis\algorithms\gaston\GastonPath.java", "Java", 0, 0, 0, 0, 309, 0, 60, 34, 403
"c:\Users\mizersy\Documents\毕设\intellide-graph-master\src\main\java\de.parsemis\algorithms\gaston\GastonTree.java", "Java", 0, 0, 0, 0, 416, 0, 93, 68, 577
"c:\Users\mizersy\Documents\毕设\intellide-graph-master\src\main\java\de.parsemis\algorithms\gaston\LazyExtendedEmbedding_flat.java", "Java", 0, 0, 0, 0, 134, 0, 130, 36, 300
"c:\Users\mizersy\Documents\毕设\intellide-graph-master\src\main\java\de.parsemis\algorithms\gaston\Leg.java", "Java", 0, 0, 0, 0, 176, 0, 72, 26, 274
"c:\Users\mizersy\Documents\毕设\intellide-graph-master\src\main\java\de.parsemis\algorithms\gaston\Refinement.java", "Java", 0, 0, 0, 0, 53, 0, 67, 17, 137
"c:\Users\mizersy\Documents\毕设\intellide-graph-master\src\main\java\de.parsemis\algorithms\gaston\UniqueStep.java", "Java", 0, 0, 0, 0, 37, 0, 31, 9, 77
"c:\Users\mizersy\Documents\毕设\intellide-graph-master\src\main\java\de.parsemis\algorithms\gaston\package-info.java", "Java", 0, 0, 0, 0, 1, 0, 28, 2, 31
"c:\Users\mizersy\Documents\毕设\intellide-graph-master\src\main\java\de.parsemis\algorithms\package-info.java", "Java", 0, 0, 0, 0, 1, 0, 19, 2, 22
"c:\Users\mizersy\Documents\毕设\intellide-graph-master\src\main\java\de.parsemis\chemical\Atom.java", "Java", 0, 0, 0, 0, 354, 0, 214, 152, 720
"c:\Users\mizersy\Documents\毕设\intellide-graph-master\src\main\java\de.parsemis\chemical\Bond.java", "Java", 0, 0, 0, 0, 58, 0, 48, 22, 128
"c:\Users\mizersy\Documents\毕设\intellide-graph-master\src\main\java\de.parsemis\chemical\package-info.java", "Java", 0, 0, 0, 0, 1, 0, 19, 2, 22
"c:\Users\mizersy\Documents\毕设\intellide-graph-master\src\main\java\de.parsemis\graph\AbstractGraphComparator.java", "Java", 0, 0, 0, 0, 94, 0, 55, 10, 159
"c:\Users\mizersy\Documents\毕设\intellide-graph-master\src\main\java\de.parsemis\graph\Edge.java", "Java", 0, 0, 0, 0, 18, 0, 66, 17, 101
"c:\Users\mizersy\Documents\毕设\intellide-graph-master\src\main\java\de.parsemis\graph\Graph.java", "Java", 0, 0, 0, 0, 29, 0, 84, 22, 135
"c:\Users\mizersy\Documents\毕设\intellide-graph-master\src\main\java\de.parsemis\graph\GraphComparator.java", "Java", 0, 0, 0, 0, 11, 0, 37, 4, 52
"c:\Users\mizersy\Documents\毕设\intellide-graph-master\src\main\java\de.parsemis\graph\GraphFactory.java", "Java", 0, 0, 0, 0, 6, 0, 33, 6, 45
"c:\Users\mizersy\Documents\毕设\intellide-graph-master\src\main\java\de.parsemis\graph\GraphWrapper.java", "Java", 0, 0, 0, 0, 282, 0, 213, 64, 559
"c:\Users\mizersy\Documents\毕设\intellide-graph-master\src\main\java\de.parsemis\graph\HPGraph.java", "Java", 0, 0, 0, 0, 55, 0, 205, 43, 303
"c:\Users\mizersy\Documents\毕设\intellide-graph-master\src\main\java\de.parsemis\graph\HPGraphComparator.java", "Java", 0, 0, 0, 0, 172, 0, 49, 35, 256
"c:\Users\mizersy\Documents\毕设\intellide-graph-master\src\main\java\de.parsemis\graph\HPListGraph.java", "Java", 0, 0, 0, 0, 766, 0, 304, 125, 1195
"c:\Users\mizersy\Documents\毕设\intellide-graph-master\src\main\java\de.parsemis\graph\HPMutableGraph.java", "Java", 0, 0, 0, 0, 13, 0, 74, 9, 96
"c:\Users\mizersy\Documents\毕设\intellide-graph-master\src\main\java\de.parsemis\graph\HPMutableWrapper.java", "Java", 0, 0, 0, 0, 56, 0, 67, 12, 135
"c:\Users\mizersy\Documents\毕设\intellide-graph-master\src\main\java\de.parsemis\graph\HPWrapper.java", "Java", 0, 0, 0, 0, 334, 0, 249, 81, 664
"c:\Users\mizersy\Documents\毕设\intellide-graph-master\src\main\java\de.parsemis\graph\ListGraph.java", "Java", 0, 0, 0, 0, 749, 0, 305, 129, 1183
"c:\Users\mizersy\Documents\毕设\intellide-graph-master\src\main\java\de.parsemis\graph\MutableGraph.java", "Java", 0, 0, 0, 0, 14, 0, 66, 8, 88
"c:\Users\mizersy\Documents\毕设\intellide-graph-master\src\main\java\de.parsemis\graph\MutableGraphWrapper.java", "Java", 0, 0, 0, 0, 64, 0, 67, 12, 143
"c:\Users\mizersy\Documents\毕设\intellide-graph-master\src\main\java\de.parsemis\graph\Node.java", "Java", 0, 0, 0, 0, 15, 0, 60, 15, 90
"c:\Users\mizersy\Documents\毕设\intellide-graph-master\src\main\java\de.parsemis\graph\SubGraphComparator.java", "Java", 0, 0, 0, 0, 11, 0, 37, 4, 52
"c:\Users\mizersy\Documents\毕设\intellide-graph-master\src\main\java\de.parsemis\graph\package-info.java", "Java", 0, 0, 0, 0, 1, 0, 34, 2, 37
"c:\Users\mizersy\Documents\毕设\intellide-graph-master\src\main\java\de.parsemis\jp\Host.java", "Java", 0, 0, 0, 0, 13, 0, 23, 2, 38
"c:\Users\mizersy\Documents\毕设\intellide-graph-master\src\main\java\de.parsemis\jp\JavaPartyStrategy.java", "Java", 0, 0, 0, 0, 91, 0, 44, 21, 156
"c:\Users\mizersy\Documents\毕设\intellide-graph-master\src\main\java\de.parsemis\jp\RemoteCollection.java", "Java", 0, 0, 0, 0, 53, 0, 63, 12, 128
"c:\Users\mizersy\Documents\毕设\intellide-graph-master\src\main\java\de.parsemis\jp\RemoteCounter.java", "Java", 0, 0, 0, 0, 9, 0, 23, 6, 38
"c:\Users\mizersy\Documents\毕设\intellide-graph-master\src\main\java\de.parsemis\jp\RemoteEnvironment.java", "Java", 0, 0, 0, 0, 25, 0, 43, 7, 75
"c:\Users\mizersy\Documents\毕设\intellide-graph-master\src\main\java\de.parsemis\jp\RemoteGlobalEnvironment.java", "Java", 0, 0, 0, 0, 19, 0, 42, 7, 68
"c:\Users\mizersy\Documents\毕设\intellide-graph-master\src\main\java\de.parsemis\jp\RemoteHashSet.java", "Java", 0, 0, 0, 0, 58, 0, 63, 16, 137
"c:\Users\mizersy\Documents\毕设\intellide-graph-master\src\main\java\de.parsemis\jp\RemoteJPThread.java", "Java", 0, 0, 0, 0, 27, 0, 48, 7, 82
"c:\Users\mizersy\Documents\毕设\intellide-graph-master\src\main\java\de.parsemis\jp\RemoteListItem.java", "Java", 0, 0, 0, 0, 7, 0, 30, 5, 42
"c:\Users\mizersy\Documents\毕设\intellide-graph-master\src\main\java\de.parsemis\jp\RemoteStack.java", "Java", 0, 0, 0, 0, 6, 0, 27, 4, 37
"c:\Users\mizersy\Documents\毕设\intellide-graph-master\src\main\java\de.parsemis\jp\RemoteStackList.java", "Java", 0, 0, 0, 0, 136, 0, 100, 22, 258
"c:\Users\mizersy\Documents\毕设\intellide-graph-master\src\main\java\de.parsemis\jp\RemoteWrapperStack.java", "Java", 0, 0, 0, 0, 33, 0, 58, 10, 101
"c:\Users\mizersy\Documents\毕设\intellide-graph-master\src\main\java\de.parsemis\jp\package-info.java", "Java", 0, 0, 0, 0, 1, 0, 30, 2, 33
"c:\Users\mizersy\Documents\毕设\intellide-graph-master\src\main\java\de.parsemis\miner\chain\CanonicalPruningStep.java", "Java", 0, 0, 0, 0, 21, 0, 37, 9, 67
"c:\Users\mizersy\Documents\毕设\intellide-graph-master\src\main\java\de.parsemis\miner\chain\ChiSquaredRankerPruningStep.java", "Java", 0, 0, 0, 0, 112, 0, 132, 21, 265
"c:\Users\mizersy\Documents\毕设\intellide-graph-master\src\main\java\de.parsemis\miner\chain\CompleteClosedStep.java", "Java", 0, 0, 0, 0, 79, 0, 63, 14, 156
"c:\Users\mizersy\Documents\毕设\intellide-graph-master\src\main\java\de.parsemis\miner\chain\ConnectedPruningStep.java", "Java", 0, 0, 0, 0, 19, 0, 37, 9, 65
"c:\Users\mizersy\Documents\毕设\intellide-graph-master\src\main\java\de.parsemis\miner\chain\DefaultExtender.java", "Java", 0, 0, 0, 0, 62, 0, 57, 15, 134
"c:\Users\mizersy\Documents\毕设\intellide-graph-master\src\main\java\de.parsemis\miner\chain\DiscriminativeFrequencyPruningStep.java", "Java", 0, 0, 0, 0, 41, 0, 27, 15, 83
"c:\Users\mizersy\Documents\毕设\intellide-graph-master\src\main\java\de.parsemis\miner\chain\EdgeCountStep.java", "Java", 0, 0, 0, 0, 25, 0, 44, 7, 76
"c:\Users\mizersy\Documents\毕设\intellide-graph-master\src\main\java\de.parsemis\miner\chain\EmbeddingBasedGenerationStep.java", "Java", 0, 0, 0, 0, 19, 0, 39, 6, 64
"c:\Users\mizersy\Documents\毕设\intellide-graph-master\src\main\java\de.parsemis\miner\chain\EmbeddingSearchGenerationStep.java", "Java", 0, 0, 0, 0, 109, 0, 63, 15, 187
"c:\Users\mizersy\Documents\毕设\intellide-graph-master\src\main\java\de.parsemis\miner\chain\Extender.java", "Java", 0, 0, 0, 0, 12, 0, 39, 7, 58
"c:\Users\mizersy\Documents\毕设\intellide-graph-master\src\main\java\de.parsemis\miner\chain\Extension.java", "Java", 0, 0, 0, 0, 5, 0, 27, 3, 35
"c:\Users\mizersy\Documents\毕设\intellide-graph-master\src\main\java\de.parsemis\miner\chain\ExtensionSet.java", "Java", 0, 0, 0, 0, 139, 0, 31, 34, 204
"c:\Users\mizersy\Documents\毕设\intellide-graph-master\src\main\java\de.parsemis\miner\chain\FrequencyPruningStep.java", "Java", 0, 0, 0, 0, 27, 0, 40, 8, 75
"c:\Users\mizersy\Documents\毕设\intellide-graph-master\src\main\java\de.parsemis\miner\chain\GenerationPartialStep.java", "Java", 0, 0, 0, 0, 29, 0, 54, 8, 91
"c:\Users\mizersy\Documents\毕设\intellide-graph-master\src\main\java\de.parsemis\miner\chain\GenerationStep.java", "Java", 0, 0, 0, 0, 55, 0, 66, 16, 137
"c:\Users\mizersy\Documents\毕设\intellide-graph-master\src\main\java\de.parsemis\miner\chain\InfoGainRankerPruningStep.java", "Java", 0, 0, 0, 0, 211, 0, 58, 36, 305
"c:\Users\mizersy\Documents\毕设\intellide-graph-master\src\main\java\de.parsemis\miner\chain\MaxCliqueStep.java", "Java", 0, 0, 0, 0, 91, 0, 110, 21, 222
"c:\Users\mizersy\Documents\毕设\intellide-graph-master\src\main\java\de.parsemis\miner\chain\MiningStep.java", "Java", 0, 0, 0, 0, 22, 0, 50, 9, 81
"c:\Users\mizersy\Documents\毕设\intellide-graph-master\src\main\java\de.parsemis\miner\chain\MiningStepFactory.java", "Java", 0, 0, 0, 0, 10, 0, 38, 6, 54
"c:\Users\mizersy\Documents\毕设\intellide-graph-master\src\main\java\de.parsemis\miner\chain\NodeCountStep.java", "Java", 0, 0, 0, 0, 25, 0, 44, 7, 76
"c:\Users\mizersy\Documents\毕设\intellide-graph-master\src\main\java\de.parsemis\miner\chain\PearsonCorrelationRankerPruningStep.java", "Java", 0, 0, 0, 0, 150, 0, 48, 33, 231
"c:\Users\mizersy\Documents\毕设\intellide-graph-master\src\main\java\de.parsemis\miner\chain\SearchLatticeNode.java", "Java", 0, 0, 0, 0, 58, 0, 101, 36, 195
"c:\Users\mizersy\Documents\毕设\intellide-graph-master\src\main\java\de.parsemis\miner\chain\VarianceRankerPruningStep.java", "Java", 0, 0, 0, 0, 120, 0, 48, 24, 192
"c:\Users\mizersy\Documents\毕设\intellide-graph-master\src\main\java\de.parsemis\miner\chain\package-info.java", "Java", 0, 0, 0, 0, 1, 0, 41, 2, 44
"c:\Users\mizersy\Documents\毕设\intellide-graph-master\src\main\java\de.parsemis\miner\environment\Debug.java", "Java", 0, 0, 0, 0, 98, 0, 21, 25, 144
"c:\Users\mizersy\Documents\毕设\intellide-graph-master\src\main\java\de.parsemis\miner\environment\GraphEnvironment.java", "Java", 0, 0, 0, 0, 7, 0, 34, 7, 48
"c:\Users\mizersy\Documents\毕设\intellide-graph-master\src\main\java\de.parsemis\miner\environment\LocalEnvironment.c", "C", 0, 0, 0, 0, 0, 14, 14, 5, 33
"c:\Users\mizersy\Documents\毕设\intellide-graph-master\src\main\java\de.parsemis\miner\environment\LocalEnvironment.java", "Java", 0, 0, 0, 0, 287, 0, 154, 82, 523
"c:\Users\mizersy\Documents\毕设\intellide-graph-master\src\main\java\de.parsemis\miner\environment\Relabler.java", "Java", 0, 0, 0, 0, 7, 0, 42, 7, 56
"c:\Users\mizersy\Documents\毕设\intellide-graph-master\src\main\java\de.parsemis\miner\environment\Settings.java", "Java", 0, 0, 0, 0, 571, 0, 88, 90, 749
"c:\Users\mizersy\Documents\毕设\intellide-graph-master\src\main\java\de.parsemis\miner\environment\SimpleRelabler.java", "Java", 0, 0, 0, 0, 33, 0, 44, 10, 87
"c:\Users\mizersy\Documents\毕设\intellide-graph-master\src\main\java\de.parsemis\miner\environment\Statistics.java", "Java", 0, 0, 0, 0, 111, 0, 54, 26, 191
"c:\Users\mizersy\Documents\毕设\intellide-graph-master\src\main\java\de.parsemis\miner\environment\ThreadEnvironment.java", "Java", 0, 0, 0, 0, 25, 0, 54, 8, 87
"c:\Users\mizersy\Documents\毕设\intellide-graph-master\src\main\java\de.parsemis\miner\environment\ThreadEnvironmentFactory.java", "Java", 0, 0, 0, 0, 5, 0, 33, 4, 42
"c:\Users\mizersy\Documents\毕设\intellide-graph-master\src\main\java\de.parsemis\miner\environment\package-info.java", "Java", 0, 0, 0, 0, 1, 0, 23, 2, 26
"c:\Users\mizersy\Documents\毕设\intellide-graph-master\src\main\java\de.parsemis\miner\filter\ClosedFilter.java", "Java", 0, 0, 0, 0, 57, 0, 41, 8, 106
"c:\Users\mizersy\Documents\毕设\intellide-graph-master\src\main\java\de.parsemis\miner\filter\FragmentFilter.java", "Java", 0, 0, 0, 0, 7, 0, 33, 6, 46
"c:\Users\mizersy\Documents\毕设\intellide-graph-master\src\main\java\de.parsemis\miner\filter\GraphShrinkingFilter.java", "Java", 0, 0, 0, 0, 62, 0, 48, 17, 127
"c:\Users\mizersy\Documents\毕设\intellide-graph-master\src\main\java\de.parsemis\miner\filter\SingleRootedFilter.java", "Java", 0, 0, 0, 0, 53, 0, 45, 10, 108
"c:\Users\mizersy\Documents\毕设\intellide-graph-master\src\main\java\de.parsemis\miner\filter\ZaretskyFilter.java", "Java", 0, 0, 0, 0, 89, 0, 52, 9, 150
"c:\Users\mizersy\Documents\毕设\intellide-graph-master\src\main\java\de.parsemis\miner\filter\package-info.java", "Java", 0, 0, 0, 0, 1, 0, 24, 2, 27
"c:\Users\mizersy\Documents\毕设\intellide-graph-master\src\main\java\de.parsemis\miner\general\AbstractFlatHPEmbedding.java", "Java", 0, 0, 0, 0, 75, 0, 52, 15, 142
"c:\Users\mizersy\Documents\毕设\intellide-graph-master\src\main\java\de.parsemis\miner\general\AbstractHPEmbedding.java", "Java", 0, 0, 0, 0, 125, 0, 77, 29, 231
"c:\Users\mizersy\Documents\毕设\intellide-graph-master\src\main\java\de.parsemis\miner\general\AbstractHierarchicalHPEmbedding.java", "Java", 0, 0, 0, 0, 94, 0, 34, 22, 150
"c:\Users\mizersy\Documents\毕设\intellide-graph-master\src\main\java\de.parsemis\miner\general\ArrayFragment.java", "Java", 0, 0, 0, 0, 122, 0, 90, 25, 237
"c:\Users\mizersy\Documents\毕设\intellide-graph-master\src\main\java\de.parsemis\miner\general\DataBase.java", "Java", 0, 0, 0, 0, 154, 0, 30, 19, 203
"c:\Users\mizersy\Documents\毕设\intellide-graph-master\src\main\java\de.parsemis\miner\general\DataBaseGraph.java", "Java", 0, 0, 0, 0, 15, 0, 31, 10, 56
"c:\Users\mizersy\Documents\毕设\intellide-graph-master\src\main\java\de.parsemis\miner\general\DefaultFlatHPEmbedding.java", "Java", 0, 0, 0, 0, 12, 0, 38, 7, 57
"c:\Users\mizersy\Documents\毕设\intellide-graph-master\src\main\java\de.parsemis\miner\general\Embedding.java", "Java", 0, 0, 0, 0, 25, 0, 66, 14, 105
"c:\Users\mizersy\Documents\毕设\intellide-graph-master\src\main\java\de.parsemis\miner\general\EmbeddingBasedHPFragment.java", "Java", 0, 0, 0, 0, 185, 0, 107, 34, 326
"c:\Users\mizersy\Documents\毕设\intellide-graph-master\src\main\java\de.parsemis\miner\general\EmbeddingWrapper.java", "Java", 0, 0, 0, 0, 121, 0, 41, 23, 185
"c:\Users\mizersy\Documents\毕设\intellide-graph-master\src\main\java\de.parsemis\miner\general\Fragment.java", "Java", 0, 0, 0, 0, 45, 0, 73, 17, 135
"c:\Users\mizersy\Documents\毕设\intellide-graph-master\src\main\java\de.parsemis\miner\general\FragmentWrapper.java", "Java", 0, 0, 0, 0, 263, 0, 37, 53, 353
"c:\Users\mizersy\Documents\毕设\intellide-graph-master\src\main\java\de.parsemis\miner\general\Frequency.java", "Java", 0, 0, 0, 0, 8, 0, 38, 8, 54
"c:\Users\mizersy\Documents\毕设\intellide-graph-master\src\main\java\de.parsemis\miner\general\GraphBasedFragment.java", "Java", 0, 0, 0, 0, 235, 0, 163, 49, 447
"c:\Users\mizersy\Documents\毕设\intellide-graph-master\src\main\java\de.parsemis\miner\general\GraphBasedHPFragment.java", "Java", 0, 0, 0, 0, 242, 0, 164, 53, 459
"c:\Users\mizersy\Documents\毕设\intellide-graph-master\src\main\java\de.parsemis\miner\general\HPEmbedding.java", "Java", 0, 0, 0, 0, 24, 0, 83, 18, 125
"c:\Users\mizersy\Documents\毕设\intellide-graph-master\src\main\java\de.parsemis\miner\general\HPEmbeddingWrapper.java", "Java", 0, 0, 0, 0, 62, 0, 34, 15, 111
"c:\Users\mizersy\Documents\毕设\intellide-graph-master\src\main\java\de.parsemis\miner\general\HPExtendedEmbedding.java", "Java", 0, 0, 0, 0, 11, 0, 46, 7, 64
"c:\Users\mizersy\Documents\毕设\intellide-graph-master\src\main\java\de.parsemis\miner\general\HPFragment.java", "Java", 0, 0, 0, 0, 33, 0, 54, 13, 100
"c:\Users\mizersy\Documents\毕设\intellide-graph-master\src\main\java\de.parsemis\miner\general\HPFragmentWrapper.java", "Java", 0, 0, 0, 0, 288, 0, 149, 56, 493
"c:\Users\mizersy\Documents\毕设\intellide-graph-master\src\main\java\de.parsemis\miner\general\IntFrequency.java", "Java", 0, 0, 0, 0, 43, 0, 56, 15, 114
"c:\Users\mizersy\Documents\毕设\intellide-graph-master\src\main\java\de.parsemis\miner\general\package-info.java", "Java", 0, 0, 0, 0, 1, 0, 32, 2, 35
"c:\Users\mizersy\Documents\毕设\intellide-graph-master\src\main\java\de.parsemis\miner\package-info.java", "Java", 0, 0, 0, 0, 1, 0, 25, 2, 28
"c:\Users\mizersy\Documents\毕设\intellide-graph-master\src\main\java\de.parsemis\package-info.java", "Java", 0, 0, 0, 0, 1, 0, 19, 2, 22
"c:\Users\mizersy\Documents\毕设\intellide-graph-master\src\main\java\de.parsemis\parsers\CccGraphParser.java", "Java", 0, 0, 0, 0, 131, 0, 78, 30, 239
"c:\Users\mizersy\Documents\毕设\intellide-graph-master\src\main\java\de.parsemis\parsers\DotGraphParser.java", "Java", 0, 0, 0, 0, 189, 0, 84, 33, 306
"c:\Users\mizersy\Documents\毕设\intellide-graph-master\src\main\java\de.parsemis\parsers\GraphParser.java", "Java", 0, 0, 0, 0, 24, 0, 69, 11, 104
"c:\Users\mizersy\Documents\毕设\intellide-graph-master\src\main\java\de.parsemis\parsers\GraphmlLabelParser.java", "Java", 0, 0, 0, 0, 10, 0, 41, 8, 59
"c:\Users\mizersy\Documents\毕设\intellide-graph-master\src\main\java\de.parsemis\parsers\GraphmlParser.java", "Java", 0, 0, 0, 0, 398, 0, 187, 107, 692
"c:\Users\mizersy\Documents\毕设\intellide-graph-master\src\main\java\de.parsemis\parsers\IntLabelParser.java", "Java", 0, 0, 0, 0, 12, 0, 33, 6, 51
"c:\Users\mizersy\Documents\毕设\intellide-graph-master\src\main\java\de.parsemis\parsers\LabelParser.java", "Java", 0, 0, 0, 0, 7, 0, 32, 6, 45
"c:\Users\mizersy\Documents\毕设\intellide-graph-master\src\main\java\de.parsemis\parsers\LineGraphParser.java", "Java", 0, 0, 0, 0, 214, 0, 105, 43, 362
"c:\Users\mizersy\Documents\毕设\intellide-graph-master\src\main\java\de.parsemis\parsers\MXMLParser.java", "Java", 0, 0, 0, 0, 286, 0, 133, 71, 490
"c:\Users\mizersy\Documents\毕设\intellide-graph-master\src\main\java\de.parsemis\parsers\MapLabelParser.java", "Java", 0, 0, 0, 0, 74, 0, 54, 19, 147
"c:\Users\mizersy\Documents\毕设\intellide-graph-master\src\main\java\de.parsemis\parsers\SimpleDirectedGraphParser.java", "Java", 0, 0, 0, 0, 96, 0, 45, 22, 163
"c:\Users\mizersy\Documents\毕设\intellide-graph-master\src\main\java\de.parsemis\parsers\SimpleUndirectedGraphParser.java", "Java", 0, 0, 0, 0, 194, 0, 81, 31, 306
"c:\Users\mizersy\Documents\毕设\intellide-graph-master\src\main\java\de.parsemis\parsers\SmilesParser.java", "Java", 0, 0, 0, 0, 1053, 0, 124, 81, 1258
"c:\Users\mizersy\Documents\毕设\intellide-graph-master\src\main\java\de.parsemis\parsers\StringLabelParser.java", "Java", 0, 0, 0, 0, 12, 0, 33, 6, 51
"c:\Users\mizersy\Documents\毕设\intellide-graph-master\src\main\java\de.parsemis\parsers\SubdueGraphParser.java", "Java", 0, 0, 0, 0, 101, 0, 79, 22, 202
"c:\Users\mizersy\Documents\毕设\intellide-graph-master\src\main\java\de.parsemis\parsers\SubdueParser.java", "Java", 0, 0, 0, 0, 312, 0, 83, 34, 429
"c:\Users\mizersy\Documents\毕设\intellide-graph-master\src\main\java\de.parsemis\parsers\antlr\DotLexer.java", "Java", 0, 0, 0, 0, 623, 0, 3, 48, 674
"c:\Users\mizersy\Documents\毕设\intellide-graph-master\src\main\java\de.parsemis\parsers\antlr\DotLexerTokenTypes.java", "Java", 0, 0, 0, 0, 35, 0, 1, 3, 39
"c:\Users\mizersy\Documents\毕设\intellide-graph-master\src\main\java\de.parsemis\parsers\antlr\DotParser.java", "Java", 0, 0, 0, 0, 737, 0, 14, 101, 852
"c:\Users\mizersy\Documents\毕设\intellide-graph-master\src\main\java\de.parsemis\parsers\package-info.java", "Java", 0, 0, 0, 0, 1, 0, 22, 2, 25
"c:\Users\mizersy\Documents\毕设\intellide-graph-master\src\main\java\de.parsemis\strategy\BFSStrategy.java", "Java", 0, 0, 0, 0, 39, 0, 27, 10, 76
"c:\Users\mizersy\Documents\毕设\intellide-graph-master\src\main\java\de.parsemis\strategy\ListItem.java", "Java", 0, 0, 0, 0, 9, 0, 28, 6, 43
"c:\Users\mizersy\Documents\毕设\intellide-graph-master\src\main\java\de.parsemis\strategy\LocalStack.java", "Java", 0, 0, 0, 0, 132, 0, 54, 21, 207
"c:\Users\mizersy\Documents\毕设\intellide-graph-master\src\main\java\de.parsemis\strategy\MiningStack.java", "Java", 0, 0, 0, 0, 9, 0, 45, 8, 62
"c:\Users\mizersy\Documents\毕设\intellide-graph-master\src\main\java\de.parsemis\strategy\RecursiveStrategy.java", "Java", 0, 0, 0, 0, 64, 0, 32, 21, 117
"c:\Users\mizersy\Documents\毕设\intellide-graph-master\src\main\java\de.parsemis\strategy\SMPThread.java", "Java", 0, 0, 0, 0, 34, 0, 47, 12, 93
"c:\Users\mizersy\Documents\毕设\intellide-graph-master\src\main\java\de.parsemis\strategy\StackList.java", "Java", 0, 0, 0, 0, 6, 0, 32, 5, 43
"c:\Users\mizersy\Documents\毕设\intellide-graph-master\src\main\java\de.parsemis\strategy\Strategy.java", "Java", 0, 0, 0, 0, 10, 0, 33, 6, 49
"c:\Users\mizersy\Documents\毕设\intellide-graph-master\src\main\java\de.parsemis\strategy\ThreadedDFSStrategy.java", "Java", 0, 0, 0, 0, 223, 0, 126, 40, 389
"c:\Users\mizersy\Documents\毕设\intellide-graph-master\src\main\java\de.parsemis\strategy\Worker.java", "Java", 0, 0, 0, 0, 80, 0, 42, 18, 140
"c:\Users\mizersy\Documents\毕设\intellide-graph-master\src\main\java\de.parsemis\strategy\package-info.java", "Java", 0, 0, 0, 0, 1, 0, 26, 2, 29
"c:\Users\mizersy\Documents\毕设\intellide-graph-master\src\main\java\de.parsemis\tools\EdgeRelabler.java", "Java", 0, 0, 0, 0, 87, 0, 26, 10, 123
"c:\Users\mizersy\Documents\毕设\intellide-graph-master\src\main\java\de.parsemis\tools\FileConverter.java", "Java", 0, 0, 0, 0, 99, 0, 22, 8, 129
"c:\Users\mizersy\Documents\毕设\intellide-graph-master\src\main\java\de.parsemis\tools\GraphDiff.java", "Java", 0, 0, 0, 0, 152, 0, 21, 16, 189
"c:\Users\mizersy\Documents\毕设\intellide-graph-master\src\main\java\de.parsemis\tools\GraphGenerator.java", "Java", 0, 0, 0, 0, 389, 0, 106, 29, 524
"c:\Users\mizersy\Documents\毕设\intellide-graph-master\src\main\java\de.parsemis\tools\Graphtest.java", "Java", 0, 0, 0, 0, 44, 0, 26, 10, 80
"c:\Users\mizersy\Documents\毕设\intellide-graph-master\src\main\java\de.parsemis\tools\OutputComparator.java", "Java", 0, 0, 0, 0, 249, 0, 51, 30, 330
"c:\Users\mizersy\Documents\毕设\intellide-graph-master\src\main\java\de.parsemis\tools\package-info.java", "Java", 0, 0, 0, 0, 1, 0, 19, 2, 22
"c:\Users\mizersy\Documents\毕设\intellide-graph-master\src\main\java\de.parsemis\utils\BitSetIterator.java", "Java", 0, 0, 0, 0, 40, 0, 46, 13, 99
"c:\Users\mizersy\Documents\毕设\intellide-graph-master\src\main\java\de.parsemis\utils\Canonizable.java", "Java", 0, 0, 0, 0, 4, 0, 24, 4, 32
"c:\Users\mizersy\Documents\毕设\intellide-graph-master\src\main\java\de.parsemis\utils\Cloneable.java", "Java", 0, 0, 0, 0, 4, 0, 22, 4, 30
"c:\Users\mizersy\Documents\毕设\intellide-graph-master\src\main\java\de.parsemis\utils\FileSerializeCollection.java", "Java", 0, 0, 0, 0, 160, 0, 99, 30, 289
"c:\Users\mizersy\Documents\毕设\intellide-graph-master\src\main\java\de.parsemis\utils\Frequented.java", "Java", 0, 0, 0, 0, 5, 0, 21, 5, 31
"c:\Users\mizersy\Documents\毕设\intellide-graph-master\src\main\java\de.parsemis\utils\FrequentedArrayList.java", "Java", 0, 0, 0, 0, 60, 0, 65, 14, 139
"c:\Users\mizersy\Documents\毕设\intellide-graph-master\src\main\java\de.parsemis\utils\FrequentedCollection.java", "Java", 0, 0, 0, 0, 5, 0, 23, 4, 32
"c:\Users\mizersy\Documents\毕设\intellide-graph-master\src\main\java\de.parsemis\utils\FrequentedComparable.java", "Java", 0, 0, 0, 0, 4, 0, 20, 4, 28
"c:\Users\mizersy\Documents\毕设\intellide-graph-master\src\main\java\de.parsemis\utils\FrequentedTreeSet.java", "Java", 0, 0, 0, 0, 60, 0, 65, 14, 139
"c:\Users\mizersy\Documents\毕设\intellide-graph-master\src\main\java\de.parsemis\utils\Generic.java", "Java", 0, 0, 0, 0, 3, 0, 26, 3, 32
"c:\Users\mizersy\Documents\毕设\intellide-graph-master\src\main\java\de.parsemis\utils\GraphCycleInformation.java", "Java", 0, 0, 0, 0, 197, 0, 89, 45, 331
"c:\Users\mizersy\Documents\毕设\intellide-graph-master\src\main\java\de.parsemis\utils\GraphInformation.java", "Java", 0, 0, 0, 0, 125, 0, 29, 31, 185
"c:\Users\mizersy\Documents\毕设\intellide-graph-master\src\main\java\de.parsemis\utils\GraphSet.java", "Java", 0, 0, 0, 0, 230, 0, 126, 43, 399
"c:\Users\mizersy\Documents\毕设\intellide-graph-master\src\main\java\de.parsemis\utils\GraphSetIterator.java", "Java", 0, 0, 0, 0, 31, 0, 25, 9, 65
"c:\Users\mizersy\Documents\毕设\intellide-graph-master\src\main\java\de.parsemis\utils\GraphUtils.java", "Java", 0, 0, 0, 0, 424, 0, 170, 93, 687
"c:\Users\mizersy\Documents\毕设\intellide-graph-master\src\main\java\de.parsemis\utils\HalfIntMatrix.java", "Java", 0, 0, 0, 0, 76, 0, 65, 15, 156
"c:\Users\mizersy\Documents\毕设\intellide-graph-master\src\main\java\de.parsemis\utils\IntComparator.java", "Java", 0, 0, 0, 0, 4, 0, 18, 4, 26
"c:\Users\mizersy\Documents\毕设\intellide-graph-master\src\main\java\de.parsemis\utils\IntIterator.java", "Java", 0, 0, 0, 0, 6, 0, 26, 6, 38
"c:\Users\mizersy\Documents\毕设\intellide-graph-master\src\main\java\de.parsemis\utils\IntMatrix.java", "Java", 0, 0, 0, 0, 7, 0, 48, 8, 63
"c:\Users\mizersy\Documents\毕设\intellide-graph-master\src\main\java\de.parsemis\utils\Math.java", "Java", 0, 0, 0, 0, 109, 0, 35, 5, 149
"c:\Users\mizersy\Documents\毕设\intellide-graph-master\src\main\java\de.parsemis\utils\MaxClique.java", "Java", 0, 0, 0, 0, 250, 0, 121, 30, 401
"c:\Users\mizersy\Documents\毕设\intellide-graph-master\src\main\java\de.parsemis\utils\MutableInteger.java", "Java", 0, 0, 0, 0, 53, 0, 82, 15, 150
"c:\Users\mizersy\Documents\毕设\intellide-graph-master\src\main\java\de.parsemis\utils\Permutations.java", "Java", 0, 0, 0, 0, 79, 0, 59, 13, 151
"c:\Users\mizersy\Documents\毕设\intellide-graph-master\src\main\java\de.parsemis\utils\SortedMultiSet.java", "Java", 0, 0, 0, 0, 177, 0, 109, 29, 315
"c:\Users\mizersy\Documents\毕设\intellide-graph-master\src\main\java\de.parsemis\utils\SynchronizedCounter.java", "Java", 0, 0, 0, 0, 4, 0, 18, 2, 24
"c:\Users\mizersy\Documents\毕设\intellide-graph-master\src\main\java\de.parsemis\utils\ThreeTuple.java", "Java", 0, 0, 0, 0, 34, 0, 39, 10, 83
"c:\Users\mizersy\Documents\毕设\intellide-graph-master\src\main\java\de.parsemis\utils\TwoTuple.java", "Java", 0, 0, 0, 0, 28, 0, 39, 9, 76
"c:\Users\mizersy\Documents\毕设\intellide-graph-master\src\main\java\de.parsemis\utils\package-info.java", "Java", 0, 0, 0, 0, 1, 0, 24, 2, 27
"c:\Users\mizersy\Documents\毕设\intellide-graph-master\src\main\java\de.parsemis\visualisation\GraphPanel.java", "Java", 0, 0, 0, 0, 11, 0, 18, 8, 37
"c:\Users\mizersy\Documents\毕设\intellide-graph-master\src\main\java\de.parsemis\visualisation\SugiyamaDemo.java", "Java", 0, 0, 0, 0, 240, 0, 103, 50, 393
"c:\Users\mizersy\Documents\毕设\intellide-graph-master\src\main\java\de.parsemis\visualisation\SugiyamaLayout.java", "Java", 0, 0, 0, 0, 355, 0, 100, 70, 525
"c:\Users\mizersy\Documents\毕设\intellide-graph-master\src\main\java\de.parsemis\visualisation\chemicalVisualisation\Block.java", "Java", 0, 0, 0, 0, 210, 0, 141, 35, 386
"c:\Users\mizersy\Documents\毕设\intellide-graph-master\src\main\java\de.parsemis\visualisation\chemicalVisualisation\BondAndLabelDrawing.java", "Java", 0, 0, 0, 0, 546, 0, 286, 65, 897
"c:\Users\mizersy\Documents\毕设\intellide-graph-master\src\main\java\de.parsemis\visualisation\chemicalVisualisation\Chain.java", "Java", 0, 0, 0, 0, 115, 0, 101, 31, 247
"c:\Users\mizersy\Documents\毕设\intellide-graph-master\src\main\java\de.parsemis\visualisation\chemicalVisualisation\ChemicalVisualisationSettings.java", "Java", 0, 0, 0, 0, 14, 0, 52, 14, 80
"c:\Users\mizersy\Documents\毕设\intellide-graph-master\src\main\java\de.parsemis\visualisation\chemicalVisualisation\CrossPoint.java", "Java", 0, 0, 0, 0, 136, 0, 70, 31, 237
"c:\Users\mizersy\Documents\毕设\intellide-graph-master\src\main\java\de.parsemis\visualisation\chemicalVisualisation\Cycle.java", "Java", 0, 0, 0, 0, 269, 0, 132, 35, 436
"c:\Users\mizersy\Documents\毕设\intellide-graph-master\src\main\java\de.parsemis\visualisation\chemicalVisualisation\DataAnalyser.java", "Java", 0, 0, 0, 0, 1145, 0, 416, 127, 1688
"c:\Users\mizersy\Documents\毕设\intellide-graph-master\src\main\java\de.parsemis\visualisation\chemicalVisualisation\Demo.java", "Java", 0, 0, 0, 0, 385, 0, 121, 65, 571
"c:\Users\mizersy\Documents\毕设\intellide-graph-master\src\main\java\de.parsemis\visualisation\chemicalVisualisation\DrawingNode.java", "Java", 0, 0, 0, 0, 22, 0, 37, 8, 67
"c:\Users\mizersy\Documents\毕设\intellide-graph-master\src\main\java\de.parsemis\visualisation\chemicalVisualisation\DrawingUnit.java", "Java", 0, 0, 0, 0, 6, 0, 27, 5, 38
"c:\Users\mizersy\Documents\毕设\intellide-graph-master\src\main\java\de.parsemis\visualisation\chemicalVisualisation\DrawingUtil.java", "Java", 0, 0, 0, 0, 105, 0, 94, 17, 216
"c:\Users\mizersy\Documents\毕设\intellide-graph-master\src\main\java\de.parsemis\visualisation\chemicalVisualisation\FunctionalGroupsProperties.java", "Java", 0, 0, 0, 0, 270, 0, 111, 26, 407
"c:\Users\mizersy\Documents\毕设\intellide-graph-master\src\main\java\de.parsemis\visualisation\chemicalVisualisation\Node.java", "Java", 0, 0, 0, 0, 18, 0, 41, 8, 67
"c:\Users\mizersy\Documents\毕设\intellide-graph-master\src\main\java\de.parsemis\visualisation\chemicalVisualisation\VectorElement.java", "Java", 0, 0, 0, 0, 57, 0, 63, 14, 134
"c:\Users\mizersy\Documents\毕设\intellide-graph-master\src\main\java\de.parsemis\visualisation\gui\ControlPanel.java", "Java", 0, 0, 0, 0, 307, 0, 42, 78, 427
"c:\Users\mizersy\Documents\毕设\intellide-graph-master\src\main\java\de.parsemis\visualisation\gui\ControlTabbedPanel.java", "Java", 0, 0, 0, 0, 197, 0, 33, 41, 271
"c:\Users\mizersy\Documents\毕设\intellide-graph-master\src\main\java\de.parsemis\visualisation\gui\GraphPanelGenerator.java", "Java", 0, 0, 0, 0, 33, 0, 18, 9, 60
"c:\Users\mizersy\Documents\毕设\intellide-graph-master\src\main\java\de.parsemis\visualisation\gui\GraphViewPanel.java", "Java", 0, 0, 0, 0, 22, 0, 24, 12, 58
"c:\Users\mizersy\Documents\毕设\intellide-graph-master\src\main\java\de.parsemis\visualisation\gui\ImageAccessory.java", "Java", 0, 0, 0, 0, 155, 0, 22, 43, 220
"c:\Users\mizersy\Documents\毕设\intellide-graph-master\src\main\java\de.parsemis\visualisation\gui\ImageHandler.java", "Java", 0, 0, 0, 0, 7, 0, 25, 4, 36
"c:\Users\mizersy\Documents\毕设\intellide-graph-master\src\main\java\de.parsemis\visualisation\gui\LimitedDoc.java", "Java", 0, 0, 0, 0, 22, 0, 29, 6, 57
"c:\Users\mizersy\Documents\毕设\intellide-graph-master\src\main\java\de.parsemis\visualisation\gui\MyCellRenderer.java", "Java", 0, 0, 0, 0, 123, 0, 59, 25, 207
"c:\Users\mizersy\Documents\毕设\intellide-graph-master\src\main\java\de.parsemis\visualisation\gui\MyComboBox.java", "Java", 0, 0, 0, 0, 91, 0, 28, 25, 144
"c:\Users\mizersy\Documents\毕设\intellide-graph-master\src\main\java\de.parsemis\visualisation\gui\MyListModel.java", "Java", 0, 0, 0, 0, 54, 0, 38, 19, 111
"c:\Users\mizersy\Documents\毕设\intellide-graph-master\src\main\java\de.parsemis\visualisation\gui\MyMenu.java", "Java", 0, 0, 0, 0, 331, 0, 43, 68, 442
"c:\Users\mizersy\Documents\毕设\intellide-graph-master\src\main\java\de.parsemis\visualisation\gui\MyMultiScrollPane.java", "Java", 0, 0, 0, 0, 115, 0, 67, 33, 215
"c:\Users\mizersy\Documents\毕设\intellide-graph-master\src\main\java\de.parsemis\visualisation\gui\MyMultiTab.java", "Java", 0, 0, 0, 0, 345, 0, 44, 67, 456
"c:\Users\mizersy\Documents\毕设\intellide-graph-master\src\main\java\de.parsemis\visualisation\gui\MyMultiTabbedPanel.java", "Java", 0, 0, 0, 0, 202, 0, 40, 49, 291
"c:\Users\mizersy\Documents\毕设\intellide-graph-master\src\main\java\de.parsemis\visualisation\gui\MyScrollPane.java", "Java", 0, 0, 0, 0, 119, 0, 54, 33, 206
"c:\Users\mizersy\Documents\毕设\intellide-graph-master\src\main\java\de.parsemis\visualisation\gui\MySlider.java", "Java", 0, 0, 0, 0, 231, 0, 37, 45, 313
"c:\Users\mizersy\Documents\毕设\intellide-graph-master\src\main\java\de.parsemis\visualisation\gui\MyTab.java", "Java", 0, 0, 0, 0, 295, 0, 92, 67, 454
"c:\Users\mizersy\Documents\毕设\intellide-graph-master\src\main\java\de.parsemis\visualisation\gui\MyTabbedPanel.java", "Java", 0, 0, 0, 0, 264, 0, 46, 68, 378
"c:\Users\mizersy\Documents\毕设\intellide-graph-master\src\main\java\de.parsemis\visualisation\gui\SliderPanel.java", "Java", 0, 0, 0, 0, 125, 0, 36, 31, 192
"c:\Users\mizersy\Documents\毕设\intellide-graph-master\src\main\java\de.parsemis\visualisation\gui\StatusPanel.java", "Java", 0, 0, 0, 0, 71, 0, 27, 17, 115
"c:\Users\mizersy\Documents\毕设\intellide-graph-master\src\main\java\de.parsemis\visualisation\gui\VisualisationConstants.java", "Java", 0, 0, 0, 0, 16, 0, 19, 6, 41
"c:\Users\mizersy\Documents\毕设\intellide-graph-master\src\main\java\de.parsemis\visualisation\gui\languages\de.props", "XML", 0, 0, 61, 0, 0, 0, 0, 1, 62
"c:\Users\mizersy\Documents\毕设\intellide-graph-master\src\main\java\de.parsemis\visualisation\gui\languages\us.props", "XML", 0, 0, 62, 0, 0, 0, 0, 1, 63
"c:\Users\mizersy\Documents\毕设\intellide-graph-master\src\main\java\de.parsemis\visualisation\gui\socialnet.xml", "XML", 0, 0, 684, 0, 0, 0, 32, 4, 720
"c:\Users\mizersy\Documents\毕设\intellide-graph-master\src\main\java\de.parsemis\visualisation\package-info.java", "Java", 0, 0, 0, 0, 1, 0, 19, 2, 22
"c:\Users\mizersy\Documents\毕设\intellide-graph-master\src\main\java\de.parsemis\visualisation\prefuseVisualisation\PrefuseDemo.java", "Java", 0, 0, 0, 0, 197, 0, 70, 35, 302
"c:\Users\mizersy\Documents\毕设\intellide-graph-master\src\main\java\de.parsemis\visualisation\prefuseVisualisation\PrefuseVisualisationSettings.java", "Java", 0, 0, 0, 0, 10, 0, 22, 8, 40
"c:\Users\mizersy\Documents\毕设\intellide-graph-master\src\main\java\de.parsemis\visualisation\prefuseVisualisation\SyncActionList.java", "Java", 0, 0, 0, 0, 8, 0, 24, 4, 36
"c:\Users\mizersy\Documents\毕设\intellide-graph-master\src\main\resources\application.properties", "Properties", 7, 0, 0, 0, 0, 0, 0, 2, 9
"c:\Users\mizersy\Documents\毕设\intellide-graph-master\src\main\resources\nli\Path.json", "JSON", 0, 82, 0, 0, 0, 0, 0, 0, 82
"c:\Users\mizersy\Documents\毕设\intellide-graph-master\src\main\resources\nli\corenlp\chinese.properties", "Properties", 25, 0, 0, 0, 0, 0, 7, 1, 33
"c:\Users\mizersy\Documents\毕设\intellide-graph-master\src\main\resources\nli\corenlp\english.properties", "Properties", 2, 0, 0, 0, 0, 0, 0, 0, 2
"c:\Users\mizersy\Documents\毕设\intellide-graph-master\src\main\resources\nli\synonym\chinese.json", "JSON", 0, 156, 0, 0, 0, 0, 0, 0, 156
"c:\Users\mizersy\Documents\毕设\intellide-graph-master\src\main\resources\nli\synonym\english.json", "JSON", 0, 181, 0, 0, 0, 0, 0, 0, 181
"c:\Users\mizersy\Documents\毕设\intellide-graph-master\src\main\resources\project-final.json", "JSON", 0, 770, 0, 0, 0, 0, 0, 1, 771
"c:\Users\mizersy\Documents\毕设\intellide-graph-master\src\main\resources\project-name.json", "JSON", 0, 578, 0, 0, 0, 0, 0, 1, 579
"Total", "-", 34, 1767, 990, 174, 45456, 14, 18266, 8749, 75450